ts,bot,epoch,prob,thr,modo,y
1771912636.245441,fulll47,1771912630,0.9253988245106484,0.85,ORDEN_REAL,1
