ts,bot,epoch,prob,thr,modo,y
1772061638.990415,fulll48,1772061477,0.9505508941840072,0.85,ORDEN_REAL,0
1772062367.980582,fulll50,1772062360,0.8581333786883253,0.85,ORDEN_REAL,1
1772062559.610398,fulll50,1772062507,0.8666660339113266,0.85,ORDEN_REAL,1
1772062738.724104,fulll50,1772062714,0.9689830677132858,0.85,ORDEN_REAL,1
1772063142.066152,fulll47,1772063002,0.906652561614388,0.85,ORDEN_REAL,1
