{
  "trained_at": "2026-02-13 17:25:24",
  "rows_total": 10000,
  "rows_train": 6500,
  "rows_calib": 1500,
  "rows_test": 2000,
  "pos": 5089,
  "neg": 4911,
  "auc": 0.8039844638651692,
  "f1": 0.7548734964744919,
  "brier": 0.197933841371934,
  "cv_auc": 0.5876337278770245,
  "threshold": 0.45000000000000007,
  "reliable": true,
  "calibration": "isotonic",
  "feature_names": [
    "rsi_9",
    "rsi_14",
    "sma_5",
    "sma_20",
    "cruce_sma",
    "breakout",
    "rsi_reversion",
    "racha_actual",
    "payout",
    "puntaje_estrategia",
    "volatilidad",
    "es_rebote",
    "hora_bucket"
  ],
  "label_col": "result_bin",
  "n_samples": 10000,
  "n": 10000
}