{
  "trained_at": "2026-02-26 08:44:05",
  "rows_total": 2540,
  "rows_train": 1651,
  "rows_calib": 381,
  "rows_test": 508,
  "pos": 1286,
  "neg": 1254,
  "auc": 0.5082848949856623,
  "f1": 0.609642301710731,
  "brier": 0.2688562448184881,
  "cv_auc": 0.4982622844072705,
  "threshold": 0.5,
  "reliable": false,
  "reliable_candidate": false,
  "canary_mode": false,
  "canary_started_at": null,
  "canary_target_closed": 0,
  "refresh_policy": "champion_direct",
  "calibration": "isotonic",
  "calib_precision_at_thr": 0.5777777777777777,
  "calib_n_at_thr": 315,
  "test_precision_at_thr": 0.5051546391752577,
  "test_n_at_thr": 388,
  "feature_names": [
    "racha_actual",
    "sma_5",
    "rsi_14"
  ],
  "label_col": "result_bin",
  "feature_health": {
    "rsi_9": {
      "nunique": 1985,
      "dominance": 0.0066929133858267716,
      "status": "OK"
    },
    "rsi_14": {
      "nunique": 1885,
      "dominance": 0.002362204724409449,
      "status": "OK"
    },
    "sma_5": {
      "nunique": 2429,
      "dominance": 0.0011811023622047244,
      "status": "OK"
    },
    "sma_spread": {
      "nunique": 1,
      "dominance": 1.0,
      "status": "ROTA"
    },
    "cruce_sma": {
      "nunique": 2452,
      "dominance": 0.0011811023622047244,
      "status": "OK"
    },
    "breakout": {
      "nunique": 2436,
      "dominance": 0.0011811023622047244,
      "status": "OK"
    },
    "rsi_reversion": {
      "nunique": 2053,
      "dominance": 0.009448818897637795,
      "status": "OK"
    },
    "racha_actual": {
      "nunique": 20,
      "dominance": 0.2515748031496063,
      "status": "OK"
    },
    "payout": {
      "nunique": 11,
      "dominance": 0.59251968503937,
      "status": "OK"
    },
    "puntaje_estrategia": {
      "nunique": 2539,
      "dominance": 0.0007874015748031496,
      "status": "OK"
    },
    "volatilidad": {
      "nunique": 2436,
      "dominance": 0.0011811023622047244,
      "status": "OK"
    },
    "es_rebote": {
      "nunique": 2248,
      "dominance": 0.005905511811023622,
      "status": "OK"
    },
    "hora_bucket": {
      "nunique": 48,
      "dominance": 0.03582677165354331,
      "status": "OK"
    }
  },
  "dropped_features": [
    {
      "feature": "sma_spread",
      "reason": "ROTA:nunique=1"
    }
  ],
  "n_samples": 2540,
  "n": 2540
}