{
  "trained_at": "2026-02-13 19:09:21",
  "rows_total": 10000,
  "rows_train": 6500,
  "rows_calib": 1500,
  "rows_test": 2000,
  "pos": 5091,
  "neg": 4909,
  "auc": 0.766671274412287,
  "f1": 0.7213420316868593,
  "brier": 0.20655362589713477,
  "cv_auc": 0.5858408497796161,
  "threshold": 0.45000000000000007,
  "reliable": true,
  "calibration": "isotonic",
  "feature_names": [
    "rsi_9",
    "rsi_14",
    "sma_5",
    "breakout",
    "rsi_reversion",
    "racha_actual",
    "payout",
    "puntaje_estrategia",
    "volatilidad",
    "es_rebote",
    "hora_bucket"
  ],
  "label_col": "result_bin",
  "n_samples": 10000,
  "n": 10000
}