{
  "trained_at": "2026-02-11 04:20:20",
  "rows_total": 10000,
  "rows_train": 6500,
  "rows_calib": 1500,
  "rows_test": 2000,
  "pos": 4974,
  "neg": 5026,
  "auc": 0.636187033295001,
  "f1": 0.6454652532391049,
  "brier": 0.2372369500567637,
  "cv_auc": 0.5957557447826966,
  "threshold": 0.33999999999999997,
  "reliable": false,
  "calibration": "isotonic",
  "feature_names": [
    "rsi_9",
    "rsi_14",
    "sma_5",
    "sma_20",
    "cruce_sma",
    "breakout",
    "rsi_reversion",
    "racha_actual",
    "payout",
    "puntaje_estrategia",
    "volatilidad",
    "es_rebote",
    "hora_bucket"
  ],
  "label_col": "result_bin",
  "n_samples": 10000,
  "n": 10000
}