{
  "trained_at": "2026-02-12 17:57:15",
  "rows_total": 10000,
  "rows_train": 6500,
  "rows_calib": 1500,
  "rows_test": 2000,
  "pos": 5009,
  "neg": 4991,
  "auc": 0.7165776123030029,
  "f1": 0.6807426283218057,
  "brier": 0.21859219409812153,
  "cv_auc": 0.5934344587110146,
  "threshold": 0.33999999999999997,
  "reliable": true,
  "calibration": "isotonic",
  "feature_names": [
    "rsi_9",
    "rsi_14",
    "sma_5",
    "sma_20",
    "cruce_sma",
    "breakout",
    "rsi_reversion",
    "racha_actual",
    "payout",
    "puntaje_estrategia",
    "volatilidad",
    "es_rebote",
    "hora_bucket"
  ],
  "label_col": "result_bin",
  "n_samples": 10000,
  "n": 10000
}