bin,n,avg_pred,avg_real,gap
"[0.50,0.60)",0,0.0,0.0,0.0
"[0.60,0.70)",0,0.0,0.0,0.0
"[0.70,0.80)",67,0.7566528019491923,0.417910447761194,0.33874235418799825
"[0.80,0.90)",39,0.8224633559698512,0.48717948717948717,0.33528386879036404
"[0.90,1.00)",11,0.983470256198347,0.5454545454545454,0.43801571074380163
