bin,n,avg_pred,avg_real,gap
"[0.50,0.60)",0,0.0,0.0,0.0
"[0.60,0.70)",0,0.0,0.0,0.0
"[0.70,0.80)",16,0.7264022625883884,0.5,0.22640226258838836
"[0.80,0.90)",4,0.843939393939394,0.25,0.593939393939394
"[0.90,1.00)",0,0.0,0.0,0.0
