bot,n,hits,hit_rate,avg_pred,inflation,wilson_low,wilson_high,beta_bot,semaforo
fulll47,9,6,0.6666666666666666,0.830355883512421,0.16368921684575433,0.35419734749908977,0.879418401317257,0.11368921684575432,CRITICO
fulll48,8,4,0.5,0.766520024201419,0.26652002420141896,0.21521252682444186,0.7847874731755582,0.21652002420141897,CRITICO
fulll50,17,9,0.5294117647058824,0.7961870929328126,0.2667753282269303,0.30962897311549487,0.738351988039119,0.2167753282269303,CRITICO
fulll45,17,9,0.5294117647058824,0.8026988226142706,0.27328705790838825,0.30962897311549487,0.738351988039119,0.22328705790838826,CRITICO
fulll49,20,6,0.3,0.8089881224782423,0.5089881224782422,0.14547527396899385,0.5189767762289793,0.4589881224782422,CRITICO
fulll46,11,3,0.2727272727272727,0.8201287833351393,0.5474015106078666,0.09745880573921467,0.5656502930102463,0.4974015106078666,CRITICO
