threshold,n,hits,hit_rate,wilson_low,wilson_high,enough_sample
0.55,82,37,0.45121951219512196,0.3481109278812157,0.5586941642885482,True
0.6,82,37,0.45121951219512196,0.3481109278812157,0.5586941642885482,True
0.65,82,37,0.45121951219512196,0.3481109278812157,0.5586941642885482,True
0.7,82,37,0.45121951219512196,0.3481109278812157,0.5586941642885482,True
0.75,69,30,0.43478260869565216,0.32432616178765283,0.5521180678833044,True
0.8,38,19,0.5,0.3484967553286069,0.6515032446713931,False
