threshold,n,hits,hit_rate,wilson_low,wilson_high,enough_sample
0.55,117,53,0.452991452991453,0.36571889088636605,0.5432528539432291,True
0.6,117,53,0.452991452991453,0.36571889088636605,0.5432528539432291,True
0.65,117,53,0.452991452991453,0.36571889088636605,0.5432528539432291,True
0.7,117,53,0.452991452991453,0.36571889088636605,0.5432528539432291,True
0.75,104,46,0.4423076923076923,0.3506008495845397,0.5381248369779741,True
0.8,50,25,0.5,0.36644286412332855,0.6335571358766714,False
