threshold,n,hits,hit_rate,wilson_low,wilson_high,enough_sample
0.55,20,9,0.45,0.25819502085709295,0.6579179916924003,False
0.6,20,9,0.45,0.25819502085709295,0.6579179916924003,False
0.65,20,9,0.45,0.25819502085709295,0.6579179916924003,False
0.7,20,9,0.45,0.25819502085709295,0.6579179916924003,False
0.75,7,2,0.2857142857142857,0.0822171657090155,0.6410709098517873,False
0.8,4,1,0.25,0.045586062644636216,0.6993639475573634,False
