bin,n,avg_pred,avg_real,gap
"[0.50,0.60)",0,0.0,0.0,0.0
"[0.60,0.70)",0,0.0,0.0,0.0
"[0.70,0.80)",43,0.752597243024838,0.4186046511627907,0.33399259186204727
"[0.80,0.90)",26,0.8231286772345741,0.5,0.32312867723457406
"[0.90,1.00)",9,0.999999,0.5555555555555556,0.4444434444444444
